distance_range,count,percentage
0-10kb,1124,10.24425811155669
10-25kb,6168,56.215822092599346
25-50kb,888,8.093328472475392
50-100kb,1064,9.69741159314619
>100kb,1728,15.749179730222384
